[
    {
        "memory": "Played Golf Yesterday! Really enjoyed it!"
    },
    {
        "memory": "Florida was Fun! I went down with my family!"
    },
    {
        "memory": "Rained here Yesterday! Not fun!"
    },
    {
        "memory": "I love to post my memories!"
    },
    {
        "memory": "Whats up Chatterbox!"
    },
    {
        "memory": "Hello World!"
    },
    {
        "memory": "I went to the baseball game Sunday! Was very fun!"
    },
    {
        "memory": "Had a softball game last night! We won!"
    }
]